"player_id","name","dob","nation","position","dom_foot","team_id","jersey_2025"
6000,"Van Oekel, Matt",1986-09-20,"USA","GK",NA,100,"1.0"
6001,"Turnbull, Stephen",1998-03-13,"USA","DF",NA,100,"2.0"
6002,"Kavita, Phanuel",1993-03-09,"RWA","DF",NA,100,"3.0"
6003,"Hamouda, Ramiz",NA,"USA","DF",NA,100,"4.0"
6004,"Kos, Ethan",NA,"USA","DF",NA,100,"5.0"
6005,"McIllhatton, Sam",NA,"AUS","MF",NA,100,"6.0"
6006,"Trejo, Danny",1998-04-29,"MEX","FW",NA,100,"7.0"
6007,"Hernandez-Foster, Kobe",2002-06-26,"USA","MF",NA,100,"8.0"
6008,"Damus, Ronaldo",1999-09-12,"HAI","FW",NA,100,"9.0"
6009,"Preston, Tabort Etaka",1998-06-10,"CMR","FW",NA,100,"10.0"
6010,"McCartney, Dawson",1998-10-15,"USA","MF",NA,100,"11.0"
6011,"Rufe, Jake",1996-01-22,"USA","DF",NA,100,"13.0"
6012,"Pasher, Tyler",1994-04-27,"CAN","FW",NA,100,"15.0"
6013,"Laszo, Edwin",NA,"COL","MF",NA,100,"17.0"
6014,"Spangenberg, Trevor",1991-04-21,"USA","GK",NA,100,"18.0"
6015,"Martínez, Enzo",1990-09-29,"URU","MF",NA,100,"19.0"
6016,"Paterson, A.J.",1996-01-31,"GRN","DF",NA,100,"20.0"
6017,"Tregarthen, Sebastian",NA,"URU","FW",NA,100,"21.0"
6018,"Saucedo, Sebastian",1997-01-22,"USA","FW",NA,100,"23.0"
6019,"Torres, Roman",2002-03-30,"USA","MF",NA,100,"25.0"
6020,"Centeno, Erik",2002-06-29,"USA","DF",NA,100,"27.0"
6021,"Temitayo, Ereku",NA,"NGA","MF",NA,100,"32.0"
6022,"Mensah, Moses",1998-08-15,"GHA","DF",NA,100,"33.0"
6023,"Suarez, Tiago",2005-04-23,"USA","DF",NA,100,"43.0"
6024,"Calloway, Finn",NA,"USA","MF",NA,100,"47.0"
6025,"Delgado, Fernando",NA,"MEX","GK",NA,100,"57.0"
6026,"Lacey, Kameron",2001-01-16,"JAM","FW",NA,100,"77.0"
6027,"Mori, Enzo",NA,"USA","GK",NA,101,"0.0"
6028,"Garner, Christian",2000-03-09,"USA","GK",NA,101,"1.0"
6029,"Segbers, Mark",1996-04-18,"USA","DF",NA,101,"2.0"
6030,"Allan, Chris",1998-09-27,"ENG","MF",NA,101,"4.0"
6031,"Archer, Leland",1996-01-08,"TRI","DF",NA,101,"5.0"
6032,"Molloy, Aaron",1997-01-11,"IRL","MF",NA,101,"6.0"
6033,"Blackstock, Langston",2000-03-23,"USA","DF",NA,101,"7.0"
6034,"Ycaza, Emilio",1997-07-10,"USA","MF",NA,101,"8.0"
6035,"Myers, MD",2001-03-05,"USA","FW",NA,101,"9.0"
6036,"Rodríguez, Arturo",1998-12-15,"MEX","MF",NA,101,"10.0"
6037,"Ortiz, Viggo",NA,"MEX","MF",NA,101,"11.0"
6038,"Rodríguez, Diego",NA,"MEX","MF",NA,101,"12.0"
6039,"Rubín, Rubio",1996-03-01,"GUA","FW",NA,101,"14.0"
6040,"Smith, Graham",1995-11-25,"USA","DF",NA,101,"16.0"
6041,"Klein, Johnny",1999-11-07,"USA","MF",NA,101,"19.0"
6042,"Akpunonu, Joey",2001-12-21,"USA","DF",NA,101,"22.0"
6043,"Kuzemka, Daniel",1998-09-23,"USA","GK",NA,101,"24.0"
6044,"Jennings, Cal",1997-05-17,"USA","FW",NA,101,"26.0"
6045,"Kelly, Jeremy",1997-10-21,"USA","MF",NA,101,"29.0"
6046,"Edwards, Michael",2000-11-27,"USA","DF",NA,101,"34.0"
6047,"Conway, Jackson",2001-12-03,"USA","FW",NA,101,"36.0"
6048,"Martínez, Douglas",1997-06-05,"HON","FW",NA,101,"42.0"
6049,"Zamudio, Luis",1998-06-24,"USA","GK",NA,101,"56.0"
6050,"Dossantos, Nathan",1999-04-11,"CAN","DF",NA,101,"62.0"
6051,"Torres, Juan David",2001-03-31,"COL","MF",NA,101,"80.0"
6052,"Landry, Houssou",2000-12-28,"CIV","MF",NA,101,"91.0"
6053,"Dick, Eric",1994-10-03,"USA","GK",NA,119,"1.0"
6054,"Griffin, Danny",1998-07-14,"USA","MF",NA,119,"2.0"
6055,"Barnes, Perrin",NA,"USA","DF",NA,119,"3.0"
6056,"O'Toole, Aidan",NA,"USA","MF",NA,119,"4.0"
6057,"Suber, Sean",2001-06-13,"USA","DF",NA,119,"5.0"
6058,"Broughton, Max",NA,"ENG","DF",NA,119,"6.0"
6059,"Etou, Junior",1994-06-01,"CGO","DF",NA,119,"8.0"
6060,"Williams, Augustine",1997-08-03,"SLE","FW",NA,119,"9.0"
6061,"Jacquesson, Bertin",2001-11-30,"FRA","FW",NA,119,"10.0"
6062,"Ahl, Charles",NA,"USA","MF",NA,119,"12.0"
6063,"Biasi, Luke",1999-07-15,"USA","DF",NA,119,"13.0"
6064,"Mertz, Robbie",1996-12-04,"USA","MF",NA,119,"14.0"
6065,"Sample, Bradley",2000-11-12,"USA","MF",NA,119,"15.0"
6066,"Ydrach, Beto",2001-05-21,"PUR","DF",NA,119,"16.0"
6067,"Larsen, Brigham",NA,"NOR","FW",NA,119,"17.0"
6068,"Garcia, Jorge",NA,"USA","MF",NA,119,"18.0"
6069,"Bouregy, Jason",NA,"USA","MF",NA,119,"20.0"
6070,"Vacter, Guillaume",NA,"FRA","DF",NA,119,"23.0"
6071,"Osumanu, Illal",1996-08-20,"GHA","DF",NA,119,"28.0"
6072,"Randolph, Jacob",NA,"USA","GK",NA,119,"31.0"
6073,"Wälti, Jackson",1999-12-07,"USA","MF",NA,119,"42.0"
6074,"Martino, Ben",2002-09-13,"USA","GK",NA,119,"67.0"
6075,"Linzoain, Pablo",NA,"USA","FW",NA,119,"70.0"
6076,"Tabakis, Alex",1992-12-08,"GRE","GK",NA,115,"1.0"
6077,"Gloster, Chris",2000-07-28,"USA","DF",NA,115,"3.0"
6078,"Herbert, Anthony",1998-04-18,"TRI","DF",NA,115,"4.0"
6079,"Harris, Dayonn",1997-08-29,"ATG","MF",NA,115,"5.0"
6080,"Zelalem, Gedion",1997-01-26,"USA","MF",NA,115,"6.0"
6081,"Rivas, Sergio",1997-10-03,"MEX","MF",NA,115,"7.0"
6082,"Vargas, Marlon",2001-01-12,"USA","FW",NA,115,"8.0"
6083,"Fernando, Luiz",1997-06-23,"BRA","MF",NA,115,"9.0"
6084,"Gaines, McKinze",1998-03-02,"USA","MF",NA,115,"10.0"
6085,"Akale, Mukwelle",1997-01-18,"USA","MF",NA,115,"11.0"
6086,"Maples, Talen",1998-11-20,"USA","DF",NA,115,"12.0"
6087,"Shakes, Kris",2001-04-27,"USA","GK",NA,115,"13.0"
6088,"Jabang, Ousman",2001-03-29,"USA","MF",NA,115,"15.0"
6089,"Seymore, Will",1992-02-29,"USA","DF",NA,115,"16.0"
6090,"Hurst, Greg",1997-04-08,"SCO","FW",NA,115,"17.0"
6091,"Bailey, Zico",2000-08-27,"PHI","DF",NA,115,"19.0"
6092,"Ryden, Kalen",1991-04-12,"USA","DF",NA,115,"22.0"
6093,"Amang, Thomas",1998-02-09,"CMR","FW",NA,115,"23.0"
6094,"Lindsey, Jaylin",2000-03-27,"USA","DF",NA,115,"24.0"
6095,"Bruce, Daniel",1996-05-13,"ENG","MF",NA,115,"25.0"
6096,"Pondeca, Tomas",2001-10-10,"USA","MF",NA,115,"27.0"
6097,"DuBois, Jackson",NA,"USA","DF",NA,115,"47.0"
6098,"Parker, Ford",1996-08-16,"USA","GK",NA,115,"NA"
6099,"McGuire, Jake",1994-09-03,"USA","GK",NA,114,"1.0"
6100,"Malou, Justin",1998-06-01,"SEN","DF",NA,114,"4.0"
6101,"Craig, Paco",1992-10-19,"ENG","DF",NA,114,"5.0"
6102,"Conway, Evan",1997-11-07,"USA","FW",NA,114,"7.0"
6103,"Dolabella, Pedro",1999-07-29,"BRA","MF",NA,114,"8.0"
6104,"Anderson, Oalex",1995-11-11,"VIN","FW",NA,114,"9.0"
6105,"Servania, Jaden",2001-07-16,"PUR","MF",NA,114,"10.0"
6106,"Burner, Patrick",1996-04-11,"MTQ","DF",NA,114,"11.0"
6107,"Perez, Louis",1997-06-11,"FRA","MF",NA,114,"13.0"
6108,"Mentzingen, Rafa",1996-05-02,"BRA","DF",NA,114,"14.0"
6109,"Maldonado, Mikey",1998-07-02,"USA","MF",NA,114,"15.0"
6110,"da Costa, Rodrigo",1993-12-20,"BRA","MF",NA,114,"16.0"
6111,"Martin, Collin",1994-11-09,"USA","MF",NA,114,"17.0"
6112,"Al-Qaq, Ahmad",NA,"PLE","MF",NA,114,"19.0"
6113,"Donovan, Conor",1996-01-08,"USA","DF",NA,114,"20.0"
6114,"Mulqueen, Trevor",NA,"USA","DF",NA,114,"24.0"
6115,"Fitzgerald, Akira",1987-07-17,"JPN","GK",NA,114,"25.0"
6116,"Luckhurst, Adam",NA,"USA","FW",NA,114,"26.0"
6117,"Washington, Bryce",1998-09-02,"USA","DF",NA,114,"27.0"
6118,"Armstrong, Ezra",1998-12-15,"USA","DF",NA,114,"42.0"
6119,"Somersall, Raheem",1997-07-05,"SKN","MF",NA,114,"44.0"
6120,"Hodge, Triston",1994-10-09,"TRI","DF",NA,114,"55.0"
6121,"Al-Qaq, Ali",NA,"PLE","FW",NA,114,"NA"
6122,"Sundstrom, Finn",2006-11-19,"USA","DEF",NA,114,"66.0"
6123,"Sánchez, Richard",1994-04-05,"MEX","GK",NA,122,"1.0"
6124,"Taintor, Mitchell",1994-09-11,"USA","DF",NA,122,"3.0"
6125,"Blanco, Nelson",1999-08-17,"SLV","DF",NA,122,"4.0"
6126,"Souahy, Alexis",1995-01-13,"COM","DF",NA,122,"5.0"
6127,"Omar, Mohamed",1999-01-22,"SOM","MF",NA,122,"6.0"
6128,"Haakenson, Luke",1997-09-10,"USA","MF",NA,122,"7.0"
6129,"Hernandez, Nicky",1998-09-21,"USA","MF",NA,122,"8.0"
6130,"LaCava, Jake",2001-01-21,"USA","FW",NA,122,"9.0"
6131,"Hernández, Jorge",2000-11-08,"MEX","MF",NA,122,"10.0"
6132,"Greive, Alex",1999-05-13,"NZL","FW",NA,122,"11.0"
6133,"Namani, Daniel",NA,"USA","GK",NA,122,"13.0"
6134,"Berrón, Lucio",NA,"ARG","MF",NA,122,"14.0"
6135,"Agudelo, Juan",1992-11-23,"USA","FW",NA,122,"17.0"
6136,"Soto, Almir",1994-07-17,"COL","MF",NA,122,"18.0"
6137,"Crognale, Alex",1994-08-27,"USA","DF",NA,122,"21.0"
6138,"Gomez, Shannon",1996-10-05,"TRI","DF",NA,122,"22.0"
6139,"Buckmaster, Rece",1996-07-07,"USA","DF",NA,122,"23.0"
6140,"Paredes, Luis Andrés",NA,"COL","FW",NA,122,"32.0"
6141,"Osorio, Juan Sebastian",NA,"USA","MF",NA,122,"34.0"
6142,"Gongora, Brandon",NA,"USA","GK",NA,122,"50.0"
6143,"Seiterle, Sebastian",NA,"USA","DF",NA,122,"51.0"
6144,"Erofeev, Dmitriy",NA,"RUS","MF",NA,122,"55.0"
6145,"Batrouni, Joey",NA,"USA","GK",NA,122,"60.0"
6146,"Pacheco, Diogo",1998-09-13,"POR","FW",NA,122,"70.0"
6147,"Medranda, Jimmy",1994-02-07,"COL","DF",NA,122,"94.0"
6148,"Mora-Mora, Sebastián",1998-04-14,"USA","GK",NA,105,"1.0"
6149,"Ackwei, Wahab",1996-10-19,"GHA","DF",NA,105,"3.0"
6150,"Alfaro, Tony",1993-06-15,"MEX","DF",NA,105,"5.0"
6151,"Calvillo, Eric",1998-01-02,"SLV","MF",NA,105,"6.0"
6152,"Romero, Bryan",NA,"USA","DF",NA,105,"7.0"
6153,"Daroma, Frank",2001-04-12,"SLE","MF",NA,105,"8.0"
6154,"López, Frank",1995-02-25,"CUB","FW",NA,105,"9.0"
6155,"Moreno, Amando",1995-09-10,"SLV","FW",NA,105,"10.0"
6156,"Moshobane, Tumi",1994-09-17,"RSA","FW",NA,105,"11.0"
6157,"Ruiz, Ricky",1996-11-04,"USA","MF",NA,105,"12.0"
6158,"Cabrera, Andy",2000-07-29,"COL","FW",NA,105,"13.0"
6159,"Avila, Beto",2000-10-16,"USA","FW",NA,105,"14.0"
6160,"Dollenmayer, Noah",1999-10-26,"DOM","DF",NA,105,"15.0"
6161,"Torres, Gabi",1996-01-06,"BRA","DF",NA,105,"16.0"
6162,"Quezada, Alvaro",1999-03-04,"USA","DF",NA,105,"18.0"
6163,"Canales, Marco",NA,"USA","GK",NA,105,"19.0"
6164,"Carter, Daniel",NA,"HON","FW",NA,105,"20.0"
6165,"Twumasi, Kofi",1996-08-30,"GHA","MF",NA,105,"21.0"
6166,"Waite, Jahmali",1998-12-24,"JAM","GK",NA,105,"23.0"
6167,"Diaz, Memo",1995-10-16,"USA","MF",NA,105,"24.0"
6168,"Ortiz, Arturo",1992-08-25,"MEX","DF",NA,105,"25.0"
6169,"Mora, Omar",NA,"USA","FW",NA,105,"28.0"
6170,"Hoban, Kenneth",NA,"USA","DF",NA,105,"29.0"
6171,"Coronado, Robert",1996-08-03,"USA","MF",NA,105,"30.0"
6172,"Rodríguez, Emiliano",NA,"MEX","FW",NA,105,"31.0"
6173,"Valdivia, Axel",NA,"USA","FW",NA,105,"50.0"
6174,"Vazquez, Raul",NA,"USA","FW",NA,105,"66.0"
6175,"Herrera, Christian",1997-04-20,"MEX","GK",NA,102,"1.0"
6176,"O'Connor-Ward, Akeem",1996-01-05,"USA","DF",NA,102,"3.0"
6177,"Clegg, Tyler",NA,"USA","DF",NA,102,"4.0"
6178,"Mahoney, Matt",1995-04-17,"USA","DF",NA,102,"5.0"
6179,"Real, Matt",1999-07-10,"USA","DF",NA,102,"6.0"
6180,"Fjeldberg, Jonas",1998-09-30,"NOR","FW",NA,102,"7.0"
6181,"Johnson, Levonte",1999-03-15,"CAN","FW",NA,102,"9.0"
6182,"Zandi, Zach",1996-07-18,"USA","MF",NA,102,"10.0"
6183,"Huerman, Quenzi",2001-07-21,"FRA","FW",NA,102,"11.0"
6184,"Echevarria, Stevie",1996-04-09,"PUR","MF",NA,102,"13.0"
6185,"Lacroix, Duke",1993-10-14,"HAI","DF",NA,102,"14.0"
6186,"Endeley, Herbert",2001-10-09,"USA","FW",NA,102,"17.0"
6187,"Rocha, Aidan",2000-12-25,"USA","MF",NA,102,"18.0"
6188,"Rios, Marco",NA,"USA","MF",NA,102,"19.0"
6189,"Hanya, Yosuke",1999-01-30,"JPN","FW",NA,102,"20.0"
6190,"Fontana, Anthony",1999-10-14,"USA","MF",NA,102,"21.0"
6191,"Micaletto, Marco",1996-01-19,"ITA","MF",NA,102,"22.0"
6192,"Metusala, Garven",1999-12-31,"HAI","DF",NA,102,"23.0"
6193,"Romero, Abraham",1998-02-18,"MEX","GK",NA,102,"24.0"
6194,"Weston, Henry",NA,"USA","MF",NA,102,"25.0"
6195,"Tejada, Juan",1997-01-14,"PAN","FW",NA,102,"27.0"
6196,"Burke, Jonathan",NA,"USA","GK",NA,102,"32.0"
6197,"Foster, Isaiah",2003-08-12,"USA","DF",NA,102,"33.0"
6198,"Adams, Charlie",1994-05-16,"ENG","MF",NA,102,"34.0"
6199,"Dhillon, Justin",1995-06-06,"USA","FW",NA,102,"77.0"
6200,"Williams, Rhys",1995-08-09,"USA","DF",NA,103,"2.0"
6201,"Villanueva, Alex",2002-07-09,"USA","DF",NA,103,"3.0"
6202,"Wiedt, Shane",1995-07-19,"USA","DF",NA,103,"4.0"
6203,"Carroll, Stephen",1993-11-30,"IRL","DF",NA,103,"5.0"
6204,"Chapman, Jay",1994-01-01,"CAN","MF",NA,103,"6.0"
6205,"Smith, Darren",1996-03-26,"RSA","FW",NA,103,"7.0"
6206,"Diop, Abdoulaye",1999-09-17,"SEN","MF",NA,103,"8.0"
6207,"Morris, Ben",1999-07-06,"ENG","FW",NA,103,"9.0"
6208,"Cedeño, Jeciel",2000-04-03,"ECU","FW",NA,103,"10.0"
6209,"Rutz, Connor",1997-04-09,"USA","FW",NA,103,"11.0"
6210,"Bryant, Michael",1995-04-02,"USA","MF",NA,103,"12.0"
6211,"Sheldon, Matt",1992-08-23,"USA","DF",NA,103,"13.0"
6212,"Yamazaki, Haruki",NA,"JPN","MF",NA,103,"14.0"
6213,"Mkuruva, Tatenda",1996-01-04,"ZIM","GK",NA,103,"16.0"
6214,"Herrera, Carlos",1997-09-12,"MEX","GK",NA,103,"21.0"
6215,"Guenzatti, Sebastián",1991-07-08,"URU","MF",NA,103,"23.0"
6216,"Gasso, Dominic",2003-08-18,"USA","MF",NA,103,"24.0"
6217,"Amoo-Mensah, Devon",1995-11-27,"USA","DF",NA,103,"30.0"
6218,"Diouf, Ates",2000-03-24,"SEN","FW",NA,103,"32.0"
6219,"Williams, Ryan",1991-04-08,"ENG","MF",NA,103,"39.0"
6220,"Polisi, Marcello",1997-01-24,"CAN","MF",NA,103,"45.0"
6221,"Saldaña, Carlos",1996-10-27,"MEX","GK",NA,103,"91.0"
6222,"Adebayo-Smith, Jordan",2001-01-11,"USA","FW",NA,103,"99.0"
6223,"Creek, Michael",NA,"USA","GK",NA,104,"1.0"
6224,"Damm, Owen",2003-08-22,"USA","DF",NA,104,"2.0"
6225,"Pierre, Delentz",2000-11-16,"HAI","DF",NA,104,"4.0"
6226,"Cerato, Marcos",1994-02-08,"BRA","MF",NA,104,"5.0"
6227,"Diallo, Boubacar",2002-12-09,"USA","MF",NA,104,"6.0"
6228,"Booth, Andrew",1997-07-16,"JAM","MF",NA,104,"7.0"
6229,"Webber, Jamie",1998-01-21,"RSA","MF",NA,104,"8.0"
6230,"Calheira, Taylor",2002-04-26,"USA","FW",NA,104,"9.0"
6231,"ElMedkhar, Kalil",1999-08-18,"USA","FW",NA,104,"10.0"
6232,"Stauffer, Lucas",1995-04-21,"USA","DF",NA,104,"12.0"
6233,"Rogers, Arthur",1996-09-26,"ENG","DF",NA,104,"14.0"
6234,"Batista, Lamar",1998-03-07,"USA","DF",NA,104,"15.0"
6235,"Seagrist, Patrick",1998-02-21,"USA","DF",NA,104,"20.0"
6236,"Dalou, Alex",NA,"USA","FW",NA,104,"21.0"
6237,"Lukic, Stefan",1996-06-01,"SRB","MF",NA,104,"22.0"
6238,"Colli, Giordano",2000-03-12,"AUS","MF",NA,104,"26.0"
6239,"Berner, John",1991-02-14,"USA","GK",NA,104,"30.0"
6240,"Toure, Al Hassan",2000-05-20,"AUS","FW",NA,104,"35.0"
6241,"Goldthorp, Eliot",2001-11-03,"ENG","MF",NA,104,"37.0"
6242,"Johnson, Cole",NA,"USA","GK",NA,104,"39.0"
6243,"St. Clair, Harvey",1998-11-13,"SCO","DF",NA,104,"47.0"
6244,"Bettache, Faysal",2000-07-07,"ENG","MF",NA,104,"77.0"
6245,"Cissoko, AB",1999-12-27,"FRA","DF",NA,104,"91.0"
6246,"Peñaranda, Johan",2000-01-03,"USA","GK",NA,104,"99.0"
6247,"Anderson, Sebastian",2002-08-08,"USA","DF",NA,106,"2.0"
6248,"Scarlett, Jordan",1995-07-08,"JAM","DF",NA,106,"4.0"
6249,"Makangila, Beverly",2000-04-11,"COD","MF",NA,106,"6.0"
6250,"Beckford, Deshane",1998-04-14,"JAM","FW",NA,106,"7.0"
6251,"Moreira, Junior",NA,"GNB","MF",NA,106,"8.0"
6252,"Dieng, Mamadou",2004-02-04,"SEN","FW",NA,106,"9.0"
6253,"Careaga, Samuel",2002-06-09,"ARG","MF",NA,106,"10.0"
6254,"Ngalina, Michee",2000-04-06,"COD","FW",NA,106,"11.0"
6255,"Farrell, Joe",1994-02-13,"USA","DF",NA,106,"15.0"
6256,"Panayotou, Jack",2004-06-05,"USA","MF",NA,106,"16.0"
6257,"Jiménez, Jonathan",2001-04-25,"MEX","FW",NA,106,"17.0"
6258,"Gordon, Spencer",NA,"USA","MF",NA,106,"18.0"
6259,"Samadia, Emmanuel",2001-04-19,"SLE","MF",NA,106,"19.0"
6260,"Presthus, TJ",NA,"USA","DF",NA,106,"22.0"
6261,"Ribeiro, Kauan",NA,"USA","FW",NA,106,"28.0"
6262,"Diz, Adrián",1994-03-04,"CUB","DF",NA,106,"30.0"
6263,"DiCarlo, Justin",NA,"USA","GK",NA,106,"44.0"
6264,"Edwards, Kyle",1997-03-15,"VIN","FW",NA,106,"71.0"
6265,"Siaha, Antony",1998-04-27,"CMR","GK",NA,106,"77.0"
6266,"Obalola, Adewale",NA,"NGA","FW",NA,106,"81.0"
6267,"Hairston, Marlon",1994-03-23,"USA","MF",NA,106,"94.0"
6268,"Sulte, Hunter",2002-04-25,"USA","GK",NA,107,"0.0"
6269,"O'Brien, Josh",2003-02-07,"IRL","DF",NA,107,"2.0"
6270,"Hogan, Patrick",1997-09-17,"USA","DF",NA,107,"3.0"
6271,"McRobb, Finn",NA,"SCO","DF",NA,107,"4.0"
6272,"Murphy, James",1997-09-17,"USA","MF",NA,107,"5.0"
6273,"Lindley, Cameron",1997-07-18,"USA","MF",NA,107,"6.0"
6274,"Blake, Jack",1994-09-22,"SCO","MF",NA,107,"8.0"
6275,"Williams, Romario",1994-08-15,"JAM","FW",NA,107,"9.0"
6276,"Quinn, Aodhan",1992-03-22,"USA","MF",NA,107,"14.0"
6277,"Stanley, Aedan",1999-12-13,"USA","DF",NA,107,"16.0"
6278,"Neidlinger, Logan",2005-09-06,"USA","MF",NA,107,"17.0"
6279,"Collier, Elliot",1995-02-22,"NZL","FW",NA,107,"18.0"
6280,"Kizza, Edward",1998-12-17,"UGA","FW",NA,107,"19.0"
6281,"Brynéus, Oliver",NA,"SWE","MF",NA,107,"21.0"
6282,"Amoh, Elvis",1992-02-02,"GHA","FW",NA,107,"22.0"
6283,"Charles-Cook, Reice",1994-04-08,"GRN","GK",NA,107,"23.0"
6284,"Rendón, Bruno",2000-05-07,"CUB","DF",NA,107,"27.0"
6285,"Ofeimu, Ben",2000-09-30,"USA","DF",NA,107,"30.0"
6286,"Soumaoro, Brem",1996-08-08,"LBR","MF",NA,107,"32.0"
6287,"White, Hayden",1995-04-15,"ENG","DF",NA,107,"33.0"
6288,"Musa, James",1992-04-01,"NZL","DF",NA,107,"41.0"
6289,"Hunsucker, Ryan",NA,"USA","GK",NA,107,"44.0"
6290,"McCoy, Maverick",NA,"USA","DF",NA,107,"55.0"
6291,"Foster, Maalique",1996-11-05,"JAM","FW",NA,107,"99.0"
6292,"Ammeter, Nicholas",2000-12-11,"SUI","GK",NA,108,"1.0"
6293,"Jones, Nate",2001-08-23,"USA","DF",NA,108,"3.0"
6294,"Gärtig, Elias",NA,"DEN","DF",NA,108,"5.0"
6295,"Pearson, Christopher",2003-01-21,"JAM","MF",NA,108,"6.0"
6296,"Gyau, Joe",1992-09-16,"USA","FW",NA,108,"7.0"
6297,"Gannon, Coleman",NA,"USA","FW",NA,108,"8.0"
6298,"Pickering, Nighte",2005-01-26,"USA","FW",NA,108,"9.0"
6299,"Azcona, Edison",2003-11-21,"DOM","MF",NA,108,"10.0"
6300,"Pinzón, Christian",1998-06-24,"USA","FW",NA,108,"11.0"
6301,"Humphrey, Turner",NA,"USA","DF",NA,108,"13.0"
6302,"Rodriguez, Johnny",1998-06-13,"USA","FW",NA,108,"14.0"
6303,"Chattha, Ashish",2000-01-06,"USA","MF",NA,108,"15.0"
6304,"Leal, Patrick",2003-02-21,"USA","MF",NA,108,"17.0"
6305,"Singer, Jack",NA,"USA","DF",NA,108,"18.0"
6306,"Smart, Shawn",2004-02-24,"USA","DF",NA,108,"20.0"
6307,"Boudadi, Younes",1996-01-23,"MAR","DF",NA,108,"23.0"
6308,"Howell, Maliek",1999-01-27,"JAM","DF",NA,108,"24.0"
6309,"Noël, Valentin",1999-04-27,"FRA","MF",NA,108,"27.0"
6310,"Brewer Jr., Shaft",1999-10-28,"USA","DF",NA,108,"28.0"
6311,"Stojanovic, Stefan",2001-03-03,"USA","FW",NA,108,"30.0"
6312,"Nigro, Gennaro",2000-05-29,"USA","DF",NA,108,"33.0"
6313,"O'Driscoll, Rory",2000-02-16,"USA","MF",NA,108,"34.0"
6314,"Covil, Vaughn",2003-07-26,"USA","MF",NA,108,"41.0"
6315,"Peeters, Daouda",1999-01-26,"BEL","MF",NA,108,"42.0"
6316,"Arozarena, Raiko",1997-03-27,"CUB","GK",NA,108,"56.0"
6317,"Samaké, Gaoussou",1997-11-04,"CIV","DF",NA,108,"72.0"
6318,"Miller, Carver",NA,"USA","GK",NA,108,"96.0"
6319,"Ketterer, Logan",1993-11-09,"USA","GK",NA,109,"1.0"
6320,"Djeffal, Sofiane",1999-04-19,"FRA","MF",NA,109,"3.0"
6321,"Burks, Kendall",1999-10-08,"USA","DF",NA,109,"5.0"
6322,"Hafferty, Joe",1998-03-21,"USA","DF",NA,109,"6.0"
6323,"Borczak, Dylan",1999-06-13,"USA","FW",NA,109,"7.0"
6324,"Firmino, Nick",2001-01-30,"BRA","MF",NA,109,"8.0"
6325,"Yankam, Yannick",1997-12-12,"MLT","MF",NA,109,"10.0"
6326,"Epps, Marcus",1995-01-16,"USA","MF",NA,109,"11.0"
6327,"Zengue, Xavier",NA,"USA","DF",NA,109,"12.0"
6328,"Barbir, Danny",1998-01-31,"USA","DF",NA,109,"14.0"
6329,"Wu, Daniel",2000-11-02,"USA","DF",NA,109,"15.0"
6330,"Cáceres, Edrey",NA,"SLV","MF",NA,109,"16.0"
6331,"Yosef, Milo",1998-09-11,"GER","FW",NA,109,"20.0"
6332,"Greene, Jacob",2003-03-23,"USA","DF",NA,109,"22.0"
6333,"Midence, Alfredo",NA,"HON","MF",NA,109,"23.0"
6334,"Sargeant, Kieran",NA,"USA","DF",NA,109,"24.0"
6335,"Gibert, Gaël",NA,"FRA","DF",NA,109,"27.0"
6336,"Thompson, Brooks",2002-05-28,"USA","GK",NA,109,"31.0"
6337,"Ajago, Forster",2001-08-16,"GHA","FW",NA,109,"33.0"
6338,"Adedokun, Michael",2001-05-27,"NGA","MF",NA,109,"71.0"
6339,"Rodrigues, Braudilio",NA,"GNB","MF",NA,109,"72.0"
6340,"Williams, Speedy",1992-04-08,"JAM","MF",NA,109,"80.0"
6341,"Mbongue, Hugo",2004-07-27,"CAN","FW",NA,109,"83.0"
6342,"Burke, Cory",1991-12-28,"JAM","FW",NA,109,"99.0"
6343,"Tingey, Keegan",2000-08-17,"USA","DF",NA,110,"3.0"
6344,"McCabe, Tommy",1998-04-04,"USA","MF",NA,110,"4.0"
6345,"Leerman, Yanis",NA,"FRA","DF",NA,110,"5.0"
6346,"Awuah, Kwame",1995-12-02,"CAN","DF",NA,110,"6.0"
6347,"Leggett, Wesley",2001-03-16,"USA","FW",NA,110,"7.0"
6348,"Nyeman, Moses",2003-11-05,"USA","MF",NA,110,"8.0"
6349,"Valot, Florian",1993-02-12,"FRA","MF",NA,110,"10.0"
6350,"Aboukoura, Abdellatif",2004-10-16,"EGY","FW",NA,110,"11.0"
6351,"Skundrich, Drew",1995-09-17,"USA","MF",NA,110,"12.0"
6352,"Nagy, Alex",NA,"USA","MF",NA,110,"13.0"
6353,"Ryan, Zach",1999-01-14,"USA","FW",NA,110,"14.0"
6354,"Bidois, Riley",2002-03-12,"NZL","FW",NA,110,"15.0"
6355,"Turner, Cole",2001-07-07,"USA","DF",NA,110,"16.0"
6356,"Santos, Pedro",1988-04-22,"POR","MF",NA,110,"17.0"
6357,"Dagnachew, Surafel",1997-09-11,"ETH","MF",NA,110,"19.0"
6358,"Mines, Ben",2000-05-13,"USA","MF",NA,110,"20.0"
6359,"Garay, Jeremy",2003-04-01,"SLV","MF",NA,110,"21.0"
6360,"Dambrot, Robby",1994-10-19,"USA","DF",NA,110,"22.0"
6361,"Fauroux, Hugo",1996-08-23,"FRA","GK",NA,110,"23.0"
6362,"Erlandson, Jacob",1999-03-14,"USA","DF",NA,110,"24.0"
6363,"Jack, Ryan",NA,"USA","GK",NA,110,"30.0"
6364,"Karamoko, Hakim",NA,"USA","FW",NA,110,"31.0"
6365,"Pendleton, Ethan",NA,"USA","DF",NA,110,"35.0"
6366,"Koffi, Uriel",NA,"USA","FW",NA,110,"47.0"
6367,"Erlandson, Joshua",NA,"USA","DF",NA,110,"55.0"
6368,"Hurge, Aaron",NA,"JAM","MF",NA,110,"88.0"
6369,"Herrera-Rauda, Lorenzo",NA,"USA","GK",NA,110,"89.0"
6370,"Campuzano, Nico",1998-01-29,"ESP","GK",NA,113,"1.0"
6371,"Gordon, Nico",2002-04-28,"MSR","DF",NA,113,"2.0"
6372,"Muir, Jacob",2002-05-03,"AUS","DF",NA,113,"3.0"
6373,"Lara, Alex",1998-09-15,"USA","DF",NA,113,"4.0"
6374,"Guzmán, Carlos",1994-05-19,"MEX","DF",NA,113,"5.0"
6375,"Fonguck, Wesley",1997-07-16,"ENG","MF",NA,113,"6.0"
6376,"Rebollar, Adrian",1999-11-12,"USA","MF",NA,113,"7.0"
6377,"Bryant, Ethan",2001-08-20,"USA","MF",NA,113,"8.0"
6378,"Larsson, Adam",1999-09-05,"SWE","FW",NA,113,"9.0"
6379,"Dixon, Alex",1990-02-07,"USA","FW",NA,113,"10.0"
6380,"Malango, Mayele",1997-02-25,"COD","FW",NA,113,"11.0"
6381,"Robinson, Grant",1998-08-15,"USA","DF",NA,113,"12.0"
6382,"Fehr, Mobi",1994-12-13,"USA","MF",NA,113,"13.0"
6383,"Gallaway, Pierce",NA,"USA","MF",NA,113,"14.0"
6384,"Lyons, Miles",2002-10-08,"USA","DF",NA,113,"15.0"
6385,"Gutierrez, Diego",1999-01-05,"USA","FW",NA,113,"16.0"
6386,"Archimède, Luther",1999-09-17,"GLP","FW",NA,113,"17.0"
6387,"Gomez, Sam",NA,"USA","GK",NA,113,"18.0"
6388,"Paul, Ilijah",2002-07-26,"USA","FW",NA,113,"20.0"
6389,"Søjberg, Anton",2000-12-21,"DEN","FW",NA,113,"21.0"
6390,"Garcia, Joel",NA,"USA","DF",NA,113,"22.0"
6391,"Odle, Dallas",2001-08-05,"USA","GK",NA,113,"25.0"
6392,"Guediri, Sami",1997-08-18,"USA","DF",NA,113,"28.0"
6393,"Ivanovic, Luke",2000-06-06,"AUS","FW",NA,113,"31.0"
6394,"Gnaulati, Xavi",2005-01-22,"USA","MF",NA,113,"88.0"
6395,"Campisi, Nicolás",NA,"ARG","GK",NA,123,"1.0"
6396,"Castellanos, Robert",1998-05-11,"USA","DF",NA,123,"2.0"
6397,"Lasso, Forrest",1993-05-11,"USA","DF",NA,123,"3.0"
6398,"Hilton, Lewis",1993-10-22,"ENG","MF",NA,123,"4.0"
6399,"MacPherson, Cammy",1998-12-29,"SCO","MF",NA,123,"5.0"
6400,"Niyongabire, Pacifique",2000-03-15,"BDI","MF",NA,123,"7.0"
6401,"Bassett, Ollie",1998-03-06,"NIR","MF",NA,123,"8.0"
6402,"Arteaga, Manuel",1994-06-17,"VEN","FW",NA,123,"9.0"
6403,"Fernandes, Leo",1991-12-23,"BRA","MF",NA,123,"10.0"
6404,"Bodily, Blake",1998-01-13,"USA","MF",NA,123,"11.0"
6405,"Vancaeyezeele, Thomas",1994-07-27,"GUF","DF",NA,123,"14.0"
6406,"Crisostomo, Danny",1997-01-16,"USA","MF",NA,123,"17.0"
6407,"Moon, Nick",1996-05-31,"USA","MF",NA,123,"20.0"
6408,"Mustali, Endri",NA,"ITA","FW",NA,123,"21.0"
6409,"Skinner, Joey",2003-03-30,"USA","DF",NA,123,"26.0"
6410,"Wyke, Laurence",1996-09-20,"USA","DF",NA,123,"27.0"
6411,"Pacius, Woobens",2001-05-11,"CAN","FW",NA,123,"28.0"
6412,"Guillén, Aarón",1993-06-23,"MEX","DF",NA,123,"33.0"
6413,"DeJesus, Mateus",NA,"USA","DF",NA,123,"34.0"
6414,"Klepacz, Caleb",NA,"USA","GK",NA,123,"35.0"
6415,"Bandré, Ethan",1998-09-14,"USA","GK",NA,123,"41.0"
6416,"Álvarez, Luis",2003-01-25,"HON","MF",NA,123,"47.0"
6417,"Ingram, Justin",1998-12-21,"USA",NA,NA,106,NA
6418,"De Jesus, Matheus",2005-12-16,"BRA","DF","L",123,NA
6419,"Rodriguez, Alexander",2006-11-20,"USA","FW",NA,123,NA
6420,"Worth, Nathan",2007-02-26,"USA","MF",NA,123,NA
6421,"Dowd, Bryan",2002-03-08,"USA",NA,NA,104,NA
6422,"Harper, Anthony",NA,NA,NA,NA,104,NA
6423,"Serrato, Marcus",NA,NA,NA,NA,104,NA
6424,"Gindiri, Paul",NA,NA,NA,NA,113,NA
6425,"Doner, Morey",NA,NA,NA,NA,103,NA
6426,"Elder, Zain",NA,NA,NA,NA,103,NA
6427,"Obeid, Bilal",NA,NA,NA,NA,103,NA
6428,"Avalos, Raul",NA,NA,NA,NA,114,NA
6429,"Quintanilla, Jayson",NA,NA,NA,NA,114,NA
6430,"Vegas, Koke",NA,NA,NA,NA,120,NA
6431,"Rovira, Dani",NA,NA,NA,NA,120,NA
6432,"Sanchez, Aldair",NA,NA,NA,NA,120,NA
6433,"Bacharach, Hugo",NA,NA,NA,NA,120,NA
6434,"Stoneman, Grant",NA,NA,NA,NA,120,NA
6435,"Mabika, Aimé",NA,NA,NA,NA,120,NA
6436,"Williams, JJ",NA,NA,NA,NA,120,NA
6437,"Dikwa, Albert",NA,NA,NA,NA,120,NA
6438,"Fuson, Noah",NA,NA,NA,NA,120,NA
6439,"Holstad, Clay",NA,NA,NA,NA,120,NA
6440,"Meyer, Will",NA,NA,NA,NA,120,NA
6441,"Hope-Grund, Rio",NA,NA,NA,NA,120,NA
6442,"Nodarse, Frank",NA,NA,NA,NA,120,NA
6443,"Dewhurst, Cole",NA,NA,NA,NA,120,NA
6444,"Kwizera, Jojea",NA,NA,NA,NA,120,NA
6445,"Brito, Joe",NA,NA,NA,NA,120,NA
6446,"Vang, Kevin",NA,NA,NA,NA,120,NA
6447,"Herivaux, Zachary",NA,NA,NA,NA,120,NA
6448,"Rodriguez, Maxi",NA,NA,NA,NA,120,NA
6449,"Lee, Jackson",NA,NA,NA,NA,120,NA
6450,"Ybarra, Marc",NA,NA,NA,NA,120,NA
6451,"Yao, Karifa",NA,NA,NA,NA,120,NA
6452,"Shapiro-Thompson, Amos",NA,NA,NA,NA,120,NA
6453,"Angking, Isaac",NA,NA,NA,NA,120,NA
6454,"McIntosh, Kendall",NA,NA,NA,NA,116,NA
6455,"Bravo, Julian",NA,NA,NA,NA,116,NA
6456,"Margvelashvili, Gagi",NA,NA,NA,NA,116,NA
6457,"Riley, Camden",NA,NA,NA,NA,116,NA
6458,"Gomez, Daniel",NA,NA,NA,NA,116,NA
6459,"Prentice, Wolfgang",NA,NA,NA,NA,116,NA
6460,"Wilson, Peter",NA,NA,NA,NA,116,NA
6461,"Armenakas, Panos",NA,NA,NA,NA,116,NA
6462,"Sinisterra, José Luis",NA,NA,NA,NA,116,NA
6463,"Gibson, Tyler",NA,NA,NA,NA,116,NA
6464,"Hackshaw, Neveal",NA,NA,NA,NA,116,NA
6465,"Byaruhanga, Bobosi",NA,NA,NA,NA,116,NA
6466,"Johnson, EJ",NA,NA,NA,NA,116,NA
6467,"Damm, Jürgen",NA,NA,NA,NA,116,NA
6468,"Mohamed, Abdi",NA,NA,NA,NA,116,NA
6469,"Doner, Morey",NA,NA,NA,NA,116,NA
6470,"Greene, Kai",NA,NA,NA,NA,116,NA
6471,"Spiegel, Raphael",NA,NA,NA,NA,116,NA
6472,"Bedolla-Vera, Javier",NA,NA,NA,NA,116,NA
6473,"Elmasnaouy, Ali",NA,NA,NA,NA,116,NA
6474,"Martinez, Julio",NA,NA,NA,NA,116,NA
6475,"Saldaña, Luis",NA,NA,NA,NA,116,NA
6476,"Caminos, Tomás",NA,NA,NA,NA,116,NA
6477,"Camier, Thomas",NA,NA,NA,NA,116,NA
6478,"Sanchez, Juan",NA,NA,NA,NA,116,NA
6479,"Caracheo, Alejandro",NA,NA,NA,NA,116,NA
6480,"Syrel, Timothy",NA,NA,NA,NA,116,NA
6481,"Alekseev, Ilya",NA,NA,NA,NA,116,NA
6482,"Ricketts, Jonathan",NA,NA,NA,NA,112,NA
6483,"Mitrano, Alejandro",NA,NA,NA,NA,112,NA
6484,"Cardona, Nicolás",NA,NA,NA,NA,112,NA
6485,"Mercado, Diego",NA,NA,NA,NA,112,NA
6486,"Tulu",NA,NA,NA,NA,112,NA
6487,"Gavilanes, Allen",NA,NA,NA,NA,112,NA
6488,"Romero, Matías",NA,NA,NA,NA,112,NA
6489,"Bonfiglio, Francisco",NA,NA,NA,NA,112,NA
6490,"Blanco, Sebastián",NA,NA,NA,NA,112,NA
6491,"Verón, Deian",NA,NA,NA,NA,112,NA
6492,"Martell, Rafael",NA,NA,NA,NA,112,NA
6493,"Knutson, Daltyn",NA,NA,NA,NA,112,NA
6494,"Díaz, Gerald",NA,NA,NA,NA,112,NA
6495,"Rivera, Ricardo",NA,NA,NA,NA,112,NA
6496,"Zárate, Tobías",NA,NA,NA,NA,112,NA
6497,"Lawrence, Michael",NA,NA,NA,NA,112,NA
6498,"Akinyode, Bolu",NA,NA,NA,NA,112,NA
6499,"Celeste, Francesco",NA,NA,NA,NA,112,NA
6500,"Mas, Tobias",NA,NA,NA,NA,112,NA
6501,"Jiménez, Nacho",NA,NA,NA,NA,112,NA
6502,"Melano, Lucas",NA,NA,NA,NA,112,NA
6503,"Acloque, Aaron",NA,NA,NA,NA,112,NA
6504,"Hamid, Bill",NA,NA,NA,NA,112,NA
6505,"Hoyos, Kevin",NA,NA,NA,NA,112,NA
6506,"Vázquez, Cristian",NA,NA,NA,NA,112,NA
6507,"Rodriguez, Felipe",NA,NA,NA,NA,112,NA
6508,"DePaula, Lucas",NA,NA,NA,NA,112,NA
6509,"Arana, Victor",NA,NA,NA,NA,112,NA
6510,"Bent, Brandon",NA,NA,NA,NA,112,NA
6511,"Danco",NA,NA,NA,NA,112,NA
6512,"Las, Damian",NA,NA,NA,NA,111,NA
6513,"McFadden, Aiden",NA,NA,NA,NA,111,NA
6514,"Morris, Jake",NA,NA,NA,NA,111,NA
6515,"Totsch, Sean",NA,NA,NA,NA,111,NA
6516,"Ordoñez, Arturo",NA,NA,NA,NA,111,NA
6517,"Duncan, Zach",NA,NA,NA,NA,111,NA
6518,"Serrano, Ray",NA,NA,NA,NA,111,NA
6519,"Moguel Jr., Carlos",NA,NA,NA,NA,111,NA
6520,"Goodrum, Phillip",NA,NA,NA,NA,111,NA
6521,"Ownby, Brian",NA,NA,NA,NA,111,NA
6522,"McCabe, Niall",NA,NA,NA,NA,111,NA
6523,"Faundez, Danny",NA,NA,NA,NA,111,NA
6524,"Dia, Amadou",NA,NA,NA,NA,111,NA
6525,"Perez, Manny",NA,NA,NA,NA,111,NA
6526,"Perez, Adrien",NA,NA,NA,NA,111,NA
6527,"Davila, Taylor",NA,NA,NA,NA,111,NA
6528,"Gonzalez, Jorge",NA,NA,NA,NA,111,NA
6529,"Gleadle, Sam",NA,NA,NA,NA,111,NA
6530,"Jones, Josh",NA,NA,NA,NA,111,NA
6531,"Wilson, Jansen",NA,NA,NA,NA,111,NA
6532,"Davila, Evan",NA,NA,NA,NA,111,NA
6533,"Troutman, Ryan",NA,NA,NA,NA,111,NA
6534,"Lambert, Kevon",NA,NA,NA,NA,111,NA
6535,"Adams, Kyle",NA,NA,NA,NA,111,NA
6536,"Cano, Issac",NA,NA,NA,NA,111,NA
6537,"Stamps, Hayden",NA,NA,NA,NA,111,NA
6538,"Lancaster, Cameron",NA,NA,NA,NA,111,NA
6539,"Shutler, Colin",NA,NA,NA,NA,117,NA
6540,"Doody, Grayson",NA,NA,NA,NA,117,NA
6541,"Santos, Koa",NA,NA,NA,NA,117,NA
6542,"Benalcazar, Nico",NA,NA,NA,NA,117,NA
6543,"Brewitt, Tom",NA,NA,NA,NA,117,NA
6544,"Dunbar, Cameron",NA,NA,NA,NA,117,NA
6545,"Sylla, Ousmane",NA,NA,NA,NA,117,NA
6546,"Zubak, Ethan",NA,NA,NA,NA,117,NA
6547,"Trager, Tristan",NA,NA,NA,NA,117,NA
6548,"Jamison, Bryce",NA,NA,NA,NA,117,NA
6549,"Guimaraes, Pedro",NA,NA,NA,NA,117,NA
6550,"Hegardt, Chris",NA,NA,NA,NA,117,NA
6551,"MacKinnon, Lyam",NA,NA,NA,NA,117,NA
6552,"Partida, Kevin",NA,NA,NA,NA,117,NA
6553,"Latinovich, Vuk",NA,NA,NA,NA,117,NA
6554,"War, Mouamadou",NA,NA,NA,NA,117,NA
6555,"Doghman, Ryan",NA,NA,NA,NA,117,NA
6556,"Barjolo, Benjamin",NA,NA,NA,NA,117,NA
6557,"Koné, Cheick",NA,NA,NA,NA,117,NA
6558,"Kelly, Stephen",NA,NA,NA,NA,117,NA
6559,"Karam, Gavan",NA,NA,NA,NA,117,NA
6560,"Kurnik, Oliver",NA,NA,NA,NA,117,NA
6561,"Garcia, Daniel",NA,NA,NA,NA,117,NA
6562,"Kadono, Tetsuya",NA,NA,NA,NA,117,NA
6563,"Ciotta, Nicola",NA,NA,NA,NA,117,NA
6564,"Miles, Ashton",NA,NA,NA,NA,117,NA
6565,"Aguirre, Fernando",NA,NA,NA,NA,117,NA
6566,"Aemiro, Adoniayah",NA,NA,NA,NA,117,NA
6567,"Vitiello, Danny",NA,NA,NA,NA,121,NA
6568,"Gurr, Jack",NA,NA,NA,NA,121,NA
6569,"Spaulding, Ryan",NA,NA,NA,NA,121,NA
6570,"Desmond, Lee",NA,NA,NA,NA,121,NA
6571,"Timmer, Jared",NA,NA,NA,NA,121,NA
6572,"Kleemann, Freddy",NA,NA,NA,NA,121,NA
6573,"Amann, Trevor",NA,NA,NA,NA,121,NA
6574,"López, Rodrigo",NA,NA,NA,NA,121,NA
6575,"Herrera, Sebastián",NA,NA,NA,NA,121,NA
6576,"Parano, Cristian",NA,NA,NA,NA,121,NA
6577,"Cicerone, Russell",NA,NA,NA,NA,121,NA
6578,"Kimbrough, Da'vian",NA,NA,NA,NA,121,NA
6579,"Wanner, Dominik",NA,NA,NA,NA,121,NA
6580,"Ross, Nick",NA,NA,NA,NA,121,NA
6581,"Willey, Blake",NA,NA,NA,NA,121,NA
6582,"Djedje, Rayan",NA,NA,NA,NA,121,NA
6583,"Benítez, Michelle",NA,NA,NA,NA,121,NA
6584,"Edwards, AJ",NA,NA,NA,NA,121,NA
6585,"Jamieson, Lewis",NA,NA,NA,NA,121,NA
6586,"Portillo, Justin",NA,NA,NA,NA,121,NA
6587,"Ukaegbu, Chibuike",NA,NA,NA,NA,121,NA
6588,"Felipe, Luis",NA,NA,NA,NA,121,NA
6589,"Mazzola, Jared",NA,NA,NA,NA,121,NA
6590,"Bennett, Khori",NA,NA,NA,NA,121,NA
6591,"Okiyoshi, Taimu",NA,NA,NA,NA,120,NA
6592,"Sorto, Christian",NA,NA,NA,NA,110,NA
6593,"Njie, Baboucarr",NA,NA,NA,NA,116,NA
6594,"Rasmussen, Justin",NA,NA,NA,NA,116,NA
6595,"Drack, Nathan",NA,NA,NA,NA,101,NA
6596,"Soto, Ezekiel",NA,NA,NA,NA,101,NA
6597,"Pereira, Lucca Dourado",NA,NA,NA,NA,100,NA
6598,"Suarez, Santiago",NA,NA,NA,NA,100,NA
6599,"Gozdieski, Chase",NA,NA,NA,NA,102,NA
6600,"Maldonado, Alessadro",NA,NA,NA,NA,102,NA
6601,"Tejeda, Juan",NA,NA,NA,NA,102,NA
6602,"Beer, Jack",NA,NA,NA,NA,109,NA
6603,"Olney Jr., Christopher",NA,NA,NA,NA,109,NA
6604,NA,NA,NA,NA,NA,NA,NA
6605,NA,NA,NA,NA,NA,NA,NA
6606,NA,NA,NA,NA,NA,NA,NA
6607,NA,NA,NA,NA,NA,NA,NA
6608,NA,NA,NA,NA,NA,NA,NA
6609,NA,NA,NA,NA,NA,NA,NA
6610,NA,NA,NA,NA,NA,NA,NA
6611,NA,NA,NA,NA,NA,NA,NA
6612,NA,NA,NA,NA,NA,NA,NA
6613,NA,NA,NA,NA,NA,NA,NA
6614,NA,NA,NA,NA,NA,NA,NA
6615,NA,NA,NA,NA,NA,NA,NA
6616,NA,NA,NA,NA,NA,NA,NA
6617,NA,NA,NA,NA,NA,NA,NA
6618,NA,NA,NA,NA,NA,NA,NA
